Line,Line2,glucose.low,glucose.high,glucose.main,glycogen.low,glycogen.high,glycogen.main,glycerol.low,glycerol.high,glycerol.main,triglycerides.low,triglycerides.high,triglycerides.main,protein.low,protein.high,protein.main,load.low,load.high,load.main,meanweight.low,meanweight.high,meanweight.main
101,line_101,1.5811,3.127,1.3185,9.4796,17.0447,9.2352,5.0481,4.3258,5.2091,9.2841,28.4536,13.1133,4.43191,5.3245,4.5754,11.7735,12.8901,11.8648,727.456,730.0759,734.801
109,line_109,1.53328,3.9663,1.436145,13.7363,18.2056,12.7717,4.9328,5.4406,5.9384,12.1488,27.4296,15.0163,4.45788,5.17921,4.48732,12.5802,13.3331,12.3923,741.334,745.018,750.6142
129,line_129,1.7445,NA,1.49365,10.7011,NA,9.8949,4.73648,NA,4.63242,8.6535,NA,8.8951,4.6489,NA,4.6431,12.4424,13.0109,12.1403,722.8274,NA,711.3614
136,line_136,1.784,4.5144,1.57215,18.4179,18.8925,15.6634,5.3448,4.7691,5.7104,12.2569,30.4164,16.4279,4.48071,4.8458,4.2349,14.3686,13.8173,13.6703,784.8867,732.2967,767.5709
138,line_138,1.46345,3.39,1.33545,10.9068,19.0416,11.5043,4.8677,4.1424,4.9938,14.8771,26.2541,16.2981,4.52049,5.4368,4.7544,12.1632,11.8025,11.422,755.8053,756.5386,764.4747
142,line_142,1.47315,3.3415,1.3266,13.874,17.4988,12.1471,5.2104,3.8905,5.0694,10.77915,20.3961,9.767,5.1216,5.3333,5.2199,11.0817,12.7294,11.5091,761.8688,750.5533,764.3989
149,line_149,1.729,3.2695,1.37055,11.4417,15.3677,9.4199,5.4066,3.78844,5.1562,12.6943,21.2652,11.6789,4.7415,5.2949,4.8397,12.5661,13.4831,12.5538,746.6915,717.3279,738.9535
153,line_153,1.4428,3.8227,1.39315,12.9442,19.6752,13.042,5.4891,4.2761,5.5181,15.9951,24.0199,16.2036,4.9373,5.6532,5.3112,12.938,12.6679,12.3475,805.5347,798.6448,813.0262
158,line_158,1.46905,3.68075,1.37675,15.3007,16.4721,12.4438,5.2304,4.1162,5.208,15.3298,23.7492,14.8005,4.57086,4.9552,4.40561,13.0965,13.3677,12.8517,728.767,688.5501,713.402
161,line_161,1.2993,3.3665,1.28995,10.1135,16.1716,9.1003,4.66295,3.72513,4.54766,13.0543,24.5984,13.79,4.47822,5.321,4.615,12.85186,12.5697,12.2323,676.2014,678.8345,680.3244
176,line_176,1.4474,3.0945,1.2864,13.7778,16.2159,11.3473,4.4527,3.5617,4.2909,13.4726,23.7161,13.6194,4.48593,5.05824,4.41257,12.4077,12.7288,12.0595,674.0074,602.58,639.9854
177,line_177,1.61395,3.011,1.30835,13.9574,14.9568,10.6991,4.63271,3.72767,4.51432,9.949,24.0769,11.21069,4.47686,5.2353,4.54741,14.8821,14.324,14.1728,702.5976,666.4464,687.6052
181,line_181,1.3297,3.486,1.31965,10.4044,18.715,10.8601,4.64491,3.3348,4.2982,12.6631,17.6717,9.6626,4.234,5.04176,4.1679,13.63,14.1048,13.3767,664.4018,616.93,642.1369
195,line_195,1.8102,3.505,1.42155,15.0843,18.4599,13.4842,5.0252,4.2154,5.1241,16.1972,27.5868,17.7941,4.52631,5.195,4.55671,12.83596,14.1283,13.1006,766.9621,696.7703,739.228
208,line_208,1.58355,3.7655,1.4142,15.6243,18.9134,14.1045,5.1962,3.4292,4.7723,10.0381,18.407,8.1042,4.2063,4.9339,4.0505,15.1765,15.2138,14.7819,717.3463,660.1502,693.1919
21,line_21,1.14555,3.8761,1.33885,6.8525,14.6393,6.2116,4.8443,3.4821,4.54028,10.3656,19.8485,9.1545,4.45185,4.9189,4.2679,12.2205,13.64503,12.4415,678.016,661.1682,672.4093
217,line_217,1.58645,4.030195,1.452455,13.7075,17.76982,12.2242,5.1711,4.0362,5.1254,14.1174,25.5908,15.1342,4.45027,5.2064,4.4962,12.0593,12.068,11.4956,720.8002,688.0296,709.4659
228,line_228,1.4674,3.5759,1.3613,9.7673,15.6067,8.7148,4.1552,3.1136,3.7863,10.9338,20.8941,10.1774,4.3823,5.06743,4.321,11.6404,12.3923,11.5202,680.1092,678.518,682.226
229,line_229,1.29255,3.64205,1.33445,11.9061,16.3394,10.2592,4.2157,3.4052,4.0109,9.1996,20.3695,8.5666,4.47123,4.9914,4.3405,14.8055,13.9927,14.0785,700.0009,668.089,687.7994
233,line_233,1.7838,3.518,1.418,15.9187,20.8748,15.4681,4.57455,3.8106,4.53273,12.1539,22.5648,11.9899,4.6864,4.9563,4.50944,12.6492,14.2469,13.0112,750.4739,671.1095,716.9685
235,line_235,1.54715,3.7317,1.401,14.5027,17.75061,12.7282,4.5316,4.5662,4.9514,11.9129,25.7503,13.6051,4.3373,5.1264,4.3307,11.007,12.1126,10.9076,729.2208,752.3062,746.469
237,line_237,1.60655,3.482,1.3778,16.1991,18.9483,14.4641,4.3329,3.71625,4.2944,7.7958,23.2747,9.1361,4.8581,5.2993,4.9504,11.4746,12.8136,11.6865,724.077,697.414,716.3078
239,line_239,1.3456,4.714,1.5032,12.2501,19.0874,12.1604,4.58786,4.1836,4.7715,9.9965,22.4901,10.3377,4.49742,5.4228,4.7155,11.7162,12.1419,11.3279,764.92,787.1177,784.7263
256,line_256,1.56255,3.79295,1.41835,11.5464,20.5642,13.0473,4.9787,5.2499,5.947,10.4969,30.8064,16.4777,4.44939,5.4548,4.7139,13.1713,13.9806,13.1545,734.5888,750.5266,750.4442
26,line_26,1.4282,4.3784,1.470885,11.7274,16.3419,10.1533,4.7883,3.3061,4.3862,10.451,17.6744,8.0061,4.8632,5.4256,5.0535,11.031,12.7936,11.3177,752.5917,683.5389,724.5401
272,line_272,1.7909,4.4297,1.55675,16.0708,19.2173,14.7567,5.291,3.86065,5.1123,11.2135,20.8463,10.2469,4.55787,5.2689,4.6562,12.5895,14.0498,12.8688,781.8716,695.5162,747.4256
28,line_28,1.3967,3.2565,1.29935,10.5715,17.2276,10.0045,4.4226,3.429,4.1831,11.2463,22.6152,11.34021,4.6057,4.9932,4.465441,15.0624,14.9498,14.6319,741.7004,735.208,745.2412
280,line_280,1.6974,3.74695,1.434195,13.4707,18.0238,12.2774,5.1321,3.77882,4.9413,11.4923,25.995,13.4048,4.49988,5.06695,4.43246,11.6045,12.625,11.6383,786.1725,695.0618,749.0627
287,line_287,1.7014,3.71645,1.433245,16.4853,21.8273,16.6156,5.7805,4.8607,6.0987,12.2184,24.6108,13.2306,4.47975,5.03276,4.39218,12.4794,13.2152,12.3981,804.2862,754.1351,789.9212
306,line_306,1.7223,4.1002,1.49635,16.5231,21.4685,16.4168,5.3266,5.2352,5.9821,11.6049,20.8127,10.6146,4.55652,5.5333,4.8638,12.0585,13.902,12.5637,816.1487,779.689,809.1248
307,line_307,NA,4.933,1.58415,NA,19.5149,14.0986,NA,4.5168,5.2974,NA,33.532,20.3171,NA,5.02209,4.37799,15.453,15.0261,14.8181,NA,825.36,836.88
309,line_309,1.510635,3.467,1.3539,12.3813,17.099,11.0133,5.2183,4.0233,5.1534,11.7247,23.4666,12.1696,4.9297,5.0573,4.815,15.2134,15.1078,14.7,729.372,719.3037,730.2911
310,line_310,1.4603,4.032955,1.42715,10.8686,19.4704,11.6049,4.486,4.6456,4.9806,10.3655,25.5172,12.2985,4.6237,5.3271,4.7578,13.1683,14.8894,13.6137,730.2538,723.262,733.0231
315,line_315,1.7577,4.0215,1.4996,16.5534,17.6788,14.6419,4.8421,4.4339,5.1186,9.4367,24.1492,10.8399,4.6734,4.9661,4.50554,13.1929,13.55489,12.8564,781.6099,771.1064,785.5952
318,line_318,1.3189,3.306,1.29105,12.539,15.4974,10.1568,4.4897,3.5112,4.2877,12.1049,22.0522,11.9039,4.2938,4.9015,4.1089,13.4372,13.51183,12.9832,664.5783,616.7479,642.0628
324,line_324,1.69445,3.4505,1.38995,13.1841,17.0762,11.4709,4.8863,3.85295,4.8024,9.1004,22.8558,9.6309,4.6332,4.9452,4.466351,11.483,13.9896,12.3217,724.0525,664.2928,699.2838
325,line_325,1.2925,3.379,1.29025,7.7918,16.8888,8.3085,4.3593,3.2309,4.0135,14.2828,24.6693,14.7466,4.4011,5.374,4.5874,14.2019,14.9993,14.1495,707.8416,650.0195,682.7655
332,line_332,1.40765,3.5351,1.3426,12.8195,18.1593,11.93047,4.5053,3.531,4.3086,6.6213,20.0132,6.4439,4.46145,4.8707,4.2334,12.3139,14.7604,13.0704,690.2693,681.1867,689.2337
336,line_336,1.767,3.564,1.4217,18.5261,18.5041,15.613,4.5409,4.0879,4.68063,12.4104,23.8454,12.898,4.6099,5.2035,4.6446,12.9332,14.4545,13.288,830.3931,725.6142,789.0167
338,line_338,1.4437,3.5025,1.34565,16.2424,20.0853,15.2149,4.4551,3.77637,4.4242,7.3219,20.7322,7.3722,4.799,5.2121,4.8252,12.2089,12.4225,11.7952,764.7176,752.6115,767.0193
350,line_350,1.72615,4.9005,1.616,12.8071,19.1534,12.6975,4.4829,3.78368,4.4461,10.616,25.6209,12.3296,4.41485,5.2245,4.47859,13.0677,14.0568,13.0077,731.2377,700.464,721.5146
352,line_352,1.23985,3.1495,1.2515,10.7782,15.7614,9.2637,4.1693,2.7944,3.6047,7.2998,18.8042,6.2863,4.56377,4.8581,4.3212,11.5998,12.4455,11.5252,700.5549,645.344,676.5744
356,line_356,1.4422,4.605,1.50755,11.0297,19.5298,11.7383,4.2358,3.4639,4.0657,9.4497,18.2069,7.5602,4.46312,5.356,4.6339,14.0455,15.0133,14.1069,723.0686,749.6445,742.7048
357,line_357,1.62555,4.23505,1.4907,16.2365,19.616,14.9448,4.3518,4.0507,4.49873,11.9012,30.5292,16.4509,4.9512,4.7821,4.6139,15.3609,15.4792,15.0191,798.9552,752.4883,784.787
358,line_358,1.3539,3.59285,1.33995,13.31678,18.6882,12.5555,4.2636,3.71188,4.2354,8.6761,23.6759,10.0095,4.40787,5.07145,4.3475,13.9744,14.7295,13.9115,689.7651,663.8657,680.021
359,line_359,1.6779,3.3945,1.37785,15.8569,19.153,14.3693,4.4911,3.78094,4.451,8.6181,20.5147,8.2129,4.6809,5.3434,4.8193,13.6897,13.1115,12.8891,766.8108,718.8226,750.5233
360,line_360,1.3178,3.91175,1.3798,11.8355,18.4967,11.4282,4.1677,3.9536,4.314,9.722,26.4612,12.3416,4.52768,5.06389,4.45549,12.9927,12.7256,12.4411,695.2101,710.9394,707.495
362,line_362,1.69555,3.8433,1.447985,16.0484,20.6862,15.4687,4.3582,4.5166,4.8042,12.0279,33.0617,17.7241,4.3373,5.19291,4.38569,11.7539,14.1385,12.5784,783.9286,703.5352,752.2071
365,line_365,1.19465,3.4215,1.28215,9.3852,14.9435,7.9219,4.2575,3.5573,4.1395,10.0785,23.025987,10.7025,4.45649,5.05143,4.38001,11.8403,12.9359,11.9309,675.3688,607.47,643.254
367,line_367,1.2782,3.042,1.2432,12.9428,13.8564,9.3516,4.2659,3.2655,3.9636,12.859,22.1185,12.2688,4.54384,5.13777,4.52625,15.3841,15.267,14.8264,692.6896,627.4594,662.8367
370,line_370,1.30485,3.9617,1.38445,11.5121,16.0896,9.9072,4.5027,3.445,4.2574,9.6749,20.0619,8.7572,4.8392,5.04662,4.7274,13.047,14.3696,13.2684,733.6573,650.0752,697.1238
373,line_373,1.38525,3.87435,1.38785,14.9617,19.9065,14.2956,4.63389,4.1317,4.7748,9.2517,17.6384,7.0907,4.9118,4.9432,4.7057,12.6505,14.335,13.0298,779.5425,771.1866,784.5057
374,line_374,1.37825,3.06,1.267,13.6052,19.8528,13.486,4.8214,3.3909,4.467,9.5061,22.94228,10.2287,5.1083,5.2552,5.1442,14.8089,15.476,14.6985,778.5586,684.049,739.2155
375,line_375,1.73265,4.12975,1.50225,17.1779,18.5624,14.7245,5.1441,4.1041,5.1464,11.4365,24.7794,12.6826,4.8364,5.17669,4.8265,13.2331,12.4274,12.2275,819.9311,772.8706,807.4686
377,line_377,1.6843,3.388,1.37825,13.666,18.3122,12.5337,5.0831,3.5723,4.7739,11.0912,20.6359,10.1266,4.58111,5.4416,4.8076,13.3448,13.55495,12.8745,774.0969,711.2639,750.6091
378,line_378,1.37035,4.1477,1.42495,13.1246,20.2963,13.4314,4.9352,4.069,4.9658,16.9661,24.1903,16.4844,4.57891,5.11548,4.54031,11.8839,13.66013,12.2973,789.6271,693.135,749.751
379,line_379,1.4745,3.84085,1.4014,9.2372,15.3884,8.0683,4.9197,4.5881,5.2723,14.721,32.7501,19.4594,4.46396,5.2298,4.52805,11.8924,12.4065,11.6139,797.9972,763.1184,790.3654
38,line_38,1.61835,3.179,1.3338,13.6106,18.0822,12.3585,4.60471,3.1708,4.1635,12.0409,21.3491,11.2313,4.41249,5.2246,4.4763,15.1362,15.0846,14.6359,734.616,710.269,728.4982
380,line_380,1.43065,3.3455,1.3199,11.4103,14.3555,8.777,4.74796,3.79952,4.66148,13.5296,23.5913,13.5927,4.7947,5.095519,4.7264,11.4836,12.6584,11.6511,731.8673,642.4037,692.1864
381,line_381,1.27195,3.8373,1.3589,13.1606,17.2994,11.6053,4.3505,4.2944,4.65866,7.4201,20.9297,7.5487,4.3794,5.18403,4.41292,12.0579,12.118,11.6543,746.4905,734.5398,747.5168
383,line_383,1.44355,4.10995,1.435255,11.9616,20.1917,12.8474,4.58696,3.4308,4.313,9.6549,23.11423,10.3849,5.1173,5.4018,5.2719,11.911,12.2821,11.5963,777.0964,760.4744,777.775
386,line_386,1.154,NA,1.35605,12.7486,NA,11.3957,4.1497,NA,3.945,9.6936,NA,9.9465,4.49303,NA,4.4545,10.6066,13.9984,11.7762,707.8668,NA,696.5807
391,line_391,1.09995,4.3723,1.402,8.4368,19.0671,9.8552,4.3416,4.4917,4.7728,6.9266,26.5831,10.3157,4.43403,5.5673,4.7749,14.2298,13.4676,13.2703,710.8669,763.5419,742.9931
392,line_392,1.15865,3.359,1.26235,9.44,15.5053,7.9441,4.5022,3.2736,4.1485,10.4554,22.0976,10.4626,4.9366,5.0332,4.8017,13.4573,14.1209,13.405,713.0855,673.3014,697.6466
393,line_393,1.50193,3.9286,1.4204,17.3871,16.1326,13.466,5.1075,4.7903,5.5426,10.9946,21.4863,10.5325,4.7715,5.4955,5.0305,13.7885,13.4391,13.1094,870.73,784.1262,841.27
398,line_398,1.39215,3.9766,1.40175,14.7639,17.8258,13.0422,4.58746,4.4521,4.8691,9.7791,25.1269,11.422,4.3845,5.15237,4.37585,12.1309,14.2165,12.5237,778.4096,760.9048,781.3253
399,line_399,1.4172,4.08695,1.4244,14.7462,19.0951,13.7421,4.5141,4.2472,4.7543,10.0017,24.5568,11.4879,4.2381,4.7762,3.9514,13.3979,14.0958,13.2712,736.406,758.4097,754.316
42,line_42,1.307,3.057,1.25135,9.0784,13.3233,6.6995,4.3754,3.3797,4.117,6.8949,16.9015,4.9223,4.42323,5.2622,4.51678,12.4547,13.4707,12.4346,664.9824,621.4719,644.5905
426,line_426,1.7024,4.942,1.61665,16.3025,19.8713,15.1571,5.0669,4.2755,5.1926,10.6619,23.4336,11.35777,4.915,4.9833,4.7413,11.9567,12.6876,11.8176,872.47,808.8908,854.79
427,line_427,1.70165,4.2876,1.5142,16.5238,14.3993,11.8393,5.0323,4.263,5.1586,9.9847,19.769,8.8197,5.0735,5.2334,5.0902,11.6141,12.9392,11.8035,874.56,811.92,857.5
437,line_437,1.406,4.7385,1.5193,12.9943,17.1188,11.394,4.7742,4.2515,4.9551,10.2658,24.8037,11.822,4.6177,4.882,4.38598,11.9639,13.3285,12.163,768.8782,688.3771,735.9457
440,line_440,1.525125,4.08475,1.449135,16.3377,18.6768,14.1482,4.9461,4.4786,5.2287,10.3395,25.8816,12.3831,4.6997,4.9933,4.55615,12.2857,13.3406,12.3916,797.6688,738.8231,777.8578
441,line_441,1.78425,4.17735,1.5155,15.9235,20.0547,15.0042,4.8445,4.2386,5.0042,9.374,28.8323,13.3968,4.55843,4.9316,4.37608,13.2169,13.8986,13.1367,768.7514,767.8476,777.0871
443,line_443,1.63785,5.8965,1.74435,14.0545,19.3204,13.515,4.9184,3.2924,4.477,10.3386,19.4353,8.8988,4.6992,4.7484,4.3521,11.2649,12.5263,11.3691,838.3353,751.1124,806.3101
45,line_45,1.2459,4.11065,1.389,12.4699,16.6085,10.7232,4.5643,2.9342,3.9877,7.7031,18.713,6.5305,4.3673,5.12624,4.3548,10.5032,13.0572,11.1663,647.0823,613.2123,630.54
461,line_461,1.22575,3.71,1.33105,10.4722,14.4305,8.2591,4.7826,3.71148,4.63388,7.3877,23.5733,8.997,4.7214,4.9878,4.5714,11.5884,13.3412,11.9462,700.5296,680.7612,694.8344
486,line_486,1.517855,4.3525,1.4865,14.9909,16.6735,12.5774,5.0786,4.2242,5.1736,9.6817,28.0217,13.177,4.8064,5.16843,4.7964,13.1207,13.4205,12.74174,754.4818,757.2893,763.8334
49,line_49,1.48275,3.088,1.29275,12.9936,16.8976,11.2962,4.5026,3.4881,4.2837,11.6312,24.3583,12.6007,4.51716,4.99796,4.3922,15.6234,15.2916,15.1605,679.5538,664.5302,674.9853
491,line_491,1.7992,4.0179,1.51255,15.2324,20.5567,15.4008,4.61941,3.6701,4.4752,10.3648,19.411,8.5031,4.56801,5.3232,4.726,12.1327,13.2681,12.2518,775.8476,765.2167,785.9637
492,line_492,1.1907,4.36775,1.4201,13.9849,16.6392,11.6939,4.3069,3.5019,4.1397,8.7836,22.0056,9.1634,4.57892,4.8518,4.3258,11.8371,12.9869,11.8409,695.9166,692.2529,698.0327
502,line_502,1.579,5.715,1.69875,12.641,14.7428,9.7167,4.58755,3.1512,4.1384,7.719,18.2254,6.2719,4.507535,4.6906,4.1291,12.86759,13.1489,12.4328,710.3375,610.14,663.5539
508,line_508,1.2574,5.426,1.58965,14.7258,16.7366,12.1994,4.13,3.424,3.9572,9.0847,24.2628,10.6401,4.2227,4.8348,3.985,11.8756,14.793,12.9359,685.5548,654.9378,673.1114
509,line_509,1.27555,4.786,1.49885,11.3161,17.2889,10.6752,4.7362,3.9709,4.7427,10.1008,22.95115,10.7038,4.3367,5.12923,4.3325,12.2901,13.606141,12.3752,670.2515,756.9832,716.6276
514,line_514,1.37545,5.879,1.6821,15.2398,20.2839,14.853,4.72773,4.1848,4.8788,9.0254,22.3187,9.5176,4.165,4.8502,3.9445,11.5309,14.0993,12.321,724.4306,704.4151,719.9061
517,line_517,1.4449,3.4675,1.34035,16.7948,18.0817,14.2727,5.0342,3.9647,4.9773,7.5526,22.2416,8.3752,4.49164,5.17409,4.50942,14.6327,13.4472,13.4741,772.7103,686.5327,737.0904
535,line_535,1.49375,4.062225,1.43838,13.9182,16.985,11.90596,4.71358,3.5751,4.49777,8.497,21.3426,8.5881,4.54616,5.3004,4.6649,14.361,15.0304,14.2846,786.4498,730.185,767.3365
554,line_554,1.53861,4.2236,1.47142,13.5448,18.6561,12.7118,4.5044,3.1362,4.0694,7.4466,15.165,4.3776,4.1517,5.2234,4.2401,12.5257,14.3441,12.9951,709.3788,661.088,689.5246
555,line_555,1.53698,4.573,1.5225,14.0883,19.849,13.7741,4.1532,3.0402,3.7432,7.6344,19.7874,7.0815,4.55211,5.09288,4.5015,11.2799,12.5855,11.4253,738.3718,692.2284,721.452
563,line_563,1.17515,4.0801,1.3733,13.9817,18.9911,13.141,4.36,3.1418,3.9594,7.4378,16.5601,5.1384,4.43468,5.08795,4.38551,12.4653,14.2002,12.8677,727.3804,705.1368,721.8921
57,line_57,1.3545,3.25,1.2896,15.4958,18.4843,13.7399,4.5519,3.1887,4.1343,9.0815,22.0055,9.3858,4.3496,5.15493,4.36194,11.9814,13.57411,12.3274,632.11,612.3569,621.9
589,line_589,1.38235,4.4177,1.46636,14.323,17.8026,12.6109,4.5547,3.73296,4.4735,10.85093,23.00767,11.26907,4.6899,5.4567,4.924,12.1664,13.7028,12.5186,728.2621,768.2218,755.1309
59,line_59,1.517385,3.3125,1.3326,12.4927,18.3277,11.8378,4.5215,4.0135,4.61672,12.0482,27.027,14.3858,4.3033,4.8952,4.1081,13.7382,13.9267,13.2927,722.7163,675.0121,703.7976
595,line_595,1.42715,3.5636,1.35125,15.4929,15.5017,11.93812,4.3753,3.3099,4.0776,11.2564,19.706,9.7406,4.3474,5.08065,4.3036,12.71234,13.2492,12.5405,782.8698,689.4485,744.3598
639,line_639,1.54575,4.085,1.453835,16.1313,17.6473,13.5111,4.4812,3.1967,4.0888,10.7722,20.3914,9.7592,4.3879,4.8902,4.1859,12.86456,13.7879,12.8786,745.6579,760.978,760.9096
642,line_642,1.6924,4.6385,1.5721,18.7284,20.4021,17.3623,4.61382,3.2099,4.1944,11.4551,23.3124,11.8828,4.44334,5.03721,4.3522,13.7836,14.8898,13.8045,797.2661,752.1014,784.354
646,line_646,1.30545,3.3795,1.29895,11.1679,15.6418,9.4243,4.531,3.1263,4.0836,10.2334,20.873,9.6241,4.1501,5.04703,4.0952,12.4329,13.7155,12.66448,722.64,671.5127,702.1577
69,line_69,1.6876,5.013,1.6184,15.1319,17.9308,13.2188,4.71865,4.0911,4.8179,10.87312,25.7791,12.8227,4.50391,5.04441,4.41782,11.7734,12.7984,11.747,745.2545,725.0261,742.1393
703,line_703,1.60105,4.057335,1.459465,13.8653,15.3968,10.8559,4.5194,3.1892,4.1098,11.1878,22.2648,11.1022,4.48048,5.17814,4.50093,11.8027,14.8821,12.9229,742.608,657.4505,705.6181
707,line_707,1.6022,5.3645,1.65245,12.6694,18.7012,12.2133,4.4302,3.4261,4.1906,10.4155,22.6785,10.7614,4.6236,5.2865,4.7246,13.7126,13.7332,13.2474,719.9676,733.5797,732.7197
712,line_712,1.4017,3.79605,1.38015,12.8186,16.5888,11.0006,4.4628,3.5114,4.2677,7.678,20.984,7.7777,3.9912,4.9865,3.9001,12.2603,13.1245,12.0978,702.8995,652.4007,681.4979
714,line_714,1.2416,3.315,1.2758,8.4517,14.6898,7.1653,4.2636,3.2486,3.9514,9.793,18.1532,7.7804,4.58304,5.3244,4.7141,15.4626,15.6766,15.1629,707.9676,679.9304,698.2672
716,line_716,1.262,4.45645,1.444815,11.3126,14.4687,8.5865,4.3734,3.4112,4.1392,11.6649,23.1409,11.8661,4.60154,4.9031,4.39877,12.0163,14.1731,12.64022,739.0644,690.2237,721.3085
721,line_721,1.52559,4.7655,1.5523,14.8432,19.7123,14.3649,4.4651,3.80445,4.4502,14.1314,24.9616,14.7175,4.52915,5.15981,4.54115,12.1572,13.6627,12.4304,781.3437,736.0122,768.0618
727,line_727,NA,4.3274,1.4849,NA,17.6788,11.9873,NA,3.4166,4.2135,NA,20.0827,8.5791,NA,5.02829,4.40308,NA,13.171,12.3986,NA,708.507,727.1718
73,line_73,1.49005,3.3615,1.33455,11.1783,16.9349,10.2278,4.65834,3.76037,4.56924,14.2951,22.0382,13.3028,4.53138,5.4336,4.7597,12.0472,13.9386,12.5688,669.2928,679.7722,677.2364
730,line_730,1.3776,4.9695,1.5478,13.0629,18.8395,12.597,4.58234,3.82786,4.54122,11.5675,24.1797,12.4147,4.57657,5.5619,4.9086,12.0156,12.7647,11.8624,833.0655,799.268,827.7903
732,line_732,1.3741,4.41875,1.46562,11.4625,16.8693,10.3192,4.2255,3.0068,3.7743,9.2428,20.1306,8.4663,4.2627,4.6222,3.8487,12.3478,13.4852,12.4882,699.0428,588.57,646.2455
737,line_737,1.459,4.3513,1.473705,14.9988,17.64373,12.9618,4.8222,3.6143,4.604491,10.119,25.5238,12.1181,4.3287,4.8503,4.099,12.8411,14.3728,13.2485,725.7662,710.3514,723.9069
738,line_738,1.5876,4.9475,1.58805,14.6978,17.4108,12.6372,4.4942,3.2921,4.1572,7.1163,19.8018,6.7026,4.41126,5.17611,4.43992,11.7497,12.214,11.4722,803.9464,760.7374,792.6715
75,line_75,1.42505,3.80015,1.3828,13.29451,17.1842,11.6322,4.2462,3.5245,4.1107,7.9673,22.1291,8.6288,4.53507,5.2454,4.6099,11.1678,13.1962,11.6451,694.958,727.0843,715.6872
761,line_761,1.63525,3.6671,1.41625,13.36229,17.3802,11.7208,4.59074,3.5587,4.3945,8.8833,19.9605,8.021,4.8098,4.8662,4.5597,12.1576,12.985,12.1068,734.5769,694.741,721.1428
765,line_765,1.7011,3.7321,1.43339,8.386,14.759,6.7752,5.4595,3.6231,5.0918,12.9105,25.6044,14.2406,4.4721,4.9752,4.3282,13.0693,13.965,13.084,755.7935,689.9274,729.5878
774,line_774,1.24815,4.05145,1.3855,12.8326,17.3241,11.4234,4.64266,3.5426,4.4203,13.4543,27.3917,15.6379,4.1465,4.9444,4.0041,13.1085,14.0224,13.1252,672.7979,716.497,697.8948
776,line_776,1.4136,3.66335,1.36155,9.9275,17.3588,9.4355,4.5543,3.1375,4.1082,11.372,23.6703,12.0256,4.3273,4.9486,4.1778,11.5438,14.2526,12.4306,691.4536,642.2968,670.0234
783,line_783,1.6513,5.3715,1.667,14.5314,19.9713,14.1631,4.63501,3.6055,4.4566,10.9663,23.3631,11.5524,4.2578,4.9711,4.1322,12.0939,13.53142,12.2653,734.4136,678.703,712.3082
786,line_786,1.3149,3.75105,1.35555,11.1325,16.3572,9.844,4.1972,3.3413,3.9612,8.6252,21.4489,8.7427,4.0618,5.12716,4.0793,12.9423,14.6517,13.2895,675.1923,682.0977,681.6634
787,line_787,1.6189,4.5405,1.53465,14.0734,16.7231,11.8378,4.3943,3.5044,4.2113,7.8887,22.8389,8.9638,4.44452,5.01773,4.3416,13.0994,14.5761,13.4654,734.7162,734.3015,741.1601
790,line_790,1.3794,5.832,1.675,14.3877,19.1274,13.5092,4.1028,3.609,4.0534,7.5271,22.3878,8.4437,4.2168,4.7333,3.9012,11.0505,12.5781,11.3027,658.0486,695.2756,679.0844
796,line_796,1.58505,4.066975,1.458,14.5843,18.0737,12.9777,5.0333,3.9705,4.9836,13.1352,23.1349,13.0452,4.47662,5.206,4.52426,13.5733,12.21,12.4113,733.1783,695.7301,720.4177
799,line_799,1.5746,4.44335,1.51315,13.40563,16.749,11.3439,4.64984,3.5294,4.4177,10.2276,23.06186,10.8274,4.2594,5.2342,4.3436,12.2817,13.2912,12.277,730.6578,688.4305,715.0653
801,line_801,1.4152,4.6845,1.51365,13.8007,18.1473,12.5519,4.68132,3.641,4.51354,9.5042,23.3081,10.4302,4.3431,5.16992,4.37236,10.7587,12.2314,10.9721,739.2038,692.4155,722.0037
802,line_802,1.46945,4.194,1.452765,15.0557,19.8721,14.475,4.5241,3.3811,4.2346,11.603,22.628,11.62,4.54455,4.875,4.3173,15.305,13.65696,13.8841,811.0308,795.4597,814.4621
804,line_804,1.412,3.70625,1.3691,12.9598,17.3345,11.5452,5.2206,3.75367,4.9933,10.0331,19.3491,8.6293,4.1475,4.99,4.0464,15.1883,15.1342,14.7715,740.7165,720.883,737.5192
805,line_805,1.99275,NA,1.54495,15.4437,NA,13.8403,5.1258,NA,5.1573,11.0765,NA,11.6656,4.6245,NA,4.5857,12.87744,12.5302,12.1384,827.6955,NA,816.9349
808,line_808,1.65185,3.96175,1.457025,14.462,17.3882,12.4949,4.2837,3.6056,4.1856,11.1731,22.2816,11.1005,4.0504,5.00053,3.9353,11.6485,13.293,12.0118,716.1865,678.9948,702.2805
810,line_810,1.68605,4.46235,1.53665,17.8313,19.6679,15.8665,4.1988,3.5075,4.0608,10.6905,23.5847,11.4629,4.2215,5.0144,4.1299,13.5714,14.2806,13.4367,761.6929,725.211,751.0198
812,line_812,1.73695,5.04,1.63215,18.1065,21.4227,17.2538,4.7714,3.85739,4.7113,10.0143,21.7521,9.9417,4.45797,5.2361,4.52738,13.8493,13.8953,13.5398,830.3853,826.76,840.99
818,line_818,1.70245,3.7757,1.44336,11.526,14.5996,8.4919,4.5637,3.8983,4.58208,8.6941,19.7016,7.7362,4.59259,5.01384,4.48038,11.9081,14.0187,12.7606,728.7783,734.7559,738.6167
820,line_820,1.55525,4.451,1.5106,13.1521,17.1129,11.4724,4.62848,3.5998,4.4481,11.4411,26.6603,13.7355,4.52854,5.00143,4.40546,11.4561,12.8405,11.688,676.3016,684.2629,683.3874
822,line_822,1.3853,3.65395,1.35585,14.7651,18.0439,13.0274,4.8878,3.83892,4.7921,14.5074,25.6395,15.4588,4.8103,5.01836,4.6779,16.3327,15.9882,15.8012,742.2796,720.3484,738.0984
83,line_83,1.7131,3.61635,1.4178,12.9927,18.5897,12.2999,4.806,4.2917,5.0039,12.4423,24.921,13.512,4.6523,5.07591,4.5755,10.4886,12.3598,10.9716,764.9956,737.5336,759.1844
832,line_832,1.530085,4.0835,1.44906,13.8776,19.0415,13.2113,4.8267,4.5929,5.1963,11.4179,19.7735,9.7365,4.56502,4.9361,4.38895,15.7359,15.7086,15.4222,807.9802,805.2822,817.1708
837,line_837,1.42845,4.961,1.55705,15.1818,20.1679,14.6281,4.3208,3.83805,4.3598,13.4295,26.9304,15.37,4.2974,5.0049,4.1961,12.73517,12.6896,12.2886,695.6891,738.3377,721.8933
85,line_85,1.55085,4.594,1.5304,14.5596,18.7559,13.3994,4.7787,4.7141,5.3223,9.6598,20.8507,9.0906,4.56399,5.5299,4.8868,10.5319,12.7698,11.1469,793.5706,782.734,801.4057
852,line_852,1.3869,4.05971,1.4159,12.5409,16.4453,10.7452,4.1481,3.2782,3.8851,11.7381,24.4145,12.7117,4.2233,4.5692,3.7737,14.8851,15.1268,14.572,703.7063,633.9837,672.4369
853,line_853,1.47925,3.6788,1.379,14.5773,18.848,13.4509,4.9598,3.8578,4.8585,15.4923,27.9222,17.4601,4.510595,4.802,4.2267,14.2692,14.5922,13.9248,784.1808,747.1586,774.8528
855,line_855,1.2785,2.925,1.2265,12.0773,15.8824,10.1561,4.8241,3.537,4.54705,12.7654,18.205,9.729,4.389,4.7886,4.1073,12.4872,13.56398,12.6078,749.8682,676.8921,719.1375
857,line_857,1.6713,3.7015,1.4225,14.8007,16.1716,12.07669,4.8,3.3128,4.3993,11.6322,17.5124,8.7982,4.58562,4.765,4.2614,11.7986,13.7803,12.5174,827.0911,722.8855,785.5952
861,line_861,1.21975,3.5346,1.30125,11.4683,15.7706,9.5889,4.4357,4.315,4.7397,9.8053,21.1046,9.4329,4.3104,4.6115,3.888,12.3762,12.3927,11.8496,646.0732,700.4078,675.1814
879,line_879,1.2093,3.39,1.28055,9.6178,15.7724,8.5728,4.4582,3.3834,4.1858,10.3519,26.316,12.7314,4.1675,4.7872,3.8998,13.8801,14.5823,13.8422,695.9916,638.3942,670.4923
88,line_88,1.47215,3.459,1.343,12.0393,15.6416,9.8026,5.0374,3.9886,4.9943,12.916,23.6506,13.1611,4.43537,5.3675,4.6136,11.0579,12.4924,11.3076,742.4819,716.2565,735.8905
882,line_882,1.6539,NA,1.46771,12.8105,NA,11.579,4.5197,NA,4.4584,15.4017,NA,15.9335,4.1617,NA,4.049,14.2146,14.8254,14.0949,745.4058,NA,740.1498
884,line_884,1.6557,4.33265,1.5117,11.295,16.7092,10.1587,4.675698,3.75098,4.5767,12.7017,22.6949,12.4774,4.41777,5.18124,4.45007,13.7965,13.7671,13.3004,730.8841,710.3781,726.7204
890,line_890,1.59885,4.3582,1.5037,10.8328,14.4299,8.4755,5.1561,4.0505,5.1262,13.4093,24.7242,14.1312,4.1054,5.18896,4.1696,12.5376,13.2697,12.4208,769.0288,735.7449,760.6751
892,line_892,1.72435,5.5715,1.71615,10.0419,16.5649,9.351,4.59571,4.3076,4.857,12.769,21.319,11.7646,4.6453,5.01092,4.52039,12.3608,11.9983,11.7517,804.0473,768.4624,796.7124
894,line_894,1.4628,4.644,1.51775,12.9544,17.71248,11.7703,4.202,3.1946,3.8714,9.3945,20.291,8.6685,4.176,4.8814,3.98,11.9458,13.52678,12.1856,728.5401,726.6544,733.6287
897,line_897,1.4238,4.0987,1.42925,11.0062,15.789,9.4178,4.3823,3.7356,4.3282,10.86016,25.0329,12.3873,4.0953,4.9838,3.9636,13.2557,13.1825,12.6222,703.4794,689.2715,699.9511
907,line_907,1.42835,4.968,1.55765,12.1894,14.6353,9.3788,4.70213,3.2264,4.2718,15.5948,21.9089,14.1952,4.509297,4.7735,4.1982,11.6738,12.7518,11.7581,769.5841,679.3891,731.6944
908,line_908,1.4052,3.8065,1.382,15.4954,18.759,13.909,4.818,4.2629,4.9954,15.6227,30.1419,18.7823,4.1922,4.9055,4.0145,10.8941,12.2746,11.0551,667.9069,715.9624,694.9434
91,line_91,1.49502,3.9666,1.42415,11.706,18.9337,11.7385,4.786,3.7615,4.66368,10.5805,24.6617,11.9782,4.54987,5.4037,4.7481,15.077,13.61477,14.0369,786.879,762.6063,784.0919
911,line_911,1.4061,4.51295,1.4861,16.6792,19.5681,15.1196,4.7612,3.7134,4.6153,12.3943,20.7174,11.1448,4.3234,5.0289,4.2354,10.9238,11.5471,10.6856,794.7702,740.7144,777.1134
93,line_93,1.76135,NA,1.49445,12.924,NA,11.5463,5.321,NA,5.2956,10.81675,NA,11.0548,4.9755,NA,5.0141,15.8176,NA,15.3195,834.9318,NA,815.146
Line,NA,NA,NA,NA,NA,NA,NA,NA,NA,NA,NA,NA,NA,NA,NA,NA,NA,NA,NA,NA,NA,NA
